Subject,Selected_Dimension,Stress_Value,Velocity_Total,Velocity_Mean
subject1,2,0.08188147508363404,1428.4500035302299,7.980167617487318
subject2,2,0.1179822253269679,530.1868619398418,2.961937776200232
subject3,2,0.08071147623324444,902.9690926712932,5.044520070789349
subject4,6,0.12566581985498718,993.5626446239617,5.550629299575203
subject5,6,0.12977011789708245,1152.62551020877,6.43924866038419
subject6,2,0.14905561334183456,474.67277515410314,2.651803213151415
subject7,3,0.13350816204819693,648.2366416915213,3.6214337524666003
subject8,2,0.06159988435237808,1515.1553956630353,8.464555283033722
