Subject,Selected_Dimension,Stress_Value,Velocity_Total,Velocity_Mean
subject1,2,0.08188147336291837,1428.425917082487,7.980033056326741
subject2,2,0.11795984281871645,527.1722476870867,2.945096355793781
subject3,2,0.08071147596666967,902.9658083534812,5.0445017226451485
subject4,2,0.3158163278760446,769.7413513554251,4.3002310131588
subject5,2,0.3339902686532187,770.4524472825673,4.30420361610373
subject6,2,0.1490549666951089,474.6838792100619,2.6518652469835855
subject7,2,0.2105162350373935,573.3955235930524,3.203326947447221
subject8,2,0.06159988660353869,1515.157805125714,8.464568743719074
