Subject,Velocity_Total,Velocity_Mean,Stress,Converged
subject1,1328.75500273567,5.55964436291077,0.17228145235126,0
subject2,1072.25329211709,4.48641544818867,0.151329879010024,20
